<?xml version="1.0" encoding="UTF-8"?>
<!-- Foundation -->
<window type="dialog" id="1130">
    <backgroundcolor>Background</backgroundcolor>
    <defaultcontrol always="true">9000</defaultcontrol>
    <include condition="!Skin.HasSetting(store_init)">Defs_Store_Init</include>
    <controls>
        <include>GlobalOverlay</include>
        <control type="group">
            <include>Animation_SlideIn_Bounce</include>
            <include>Animation_FadeOut</include>

            <control type="group">
                <width>1040</width>
                <height>676</height>
                <centertop>50%</centertop>
                <centerleft>50%</centerleft>
                <include>Dialog_Background</include>
                <include content="Dialog_Top_IconHeader">
                    <param name="label" value="$LOCALIZE[31266]" />
                    <param name="icon" value="special://home/addons/resource.images.skinicons.wide/resources/icons/configure.png" />
                </include>
                <control type="group">
                    <left>side</left>
                    <top>80</top>
                    <bottom>20</bottom>
                    <right>side</right>
                    <include>Object_Background</include>
                    <control type="grouplist" id="9000">
                        <itemgap>0</itemgap>
                        <include content="Defs_SkinSettings_StoreWidget">
                            <param name="id" value="1" />
                            <param name="prev_id" value="8" />
                            <param name="next_id" value="2" />
                        </include>
                        <include content="Defs_SkinSettings_StoreWidget">
                            <param name="id" value="2" />
                            <param name="prev_id" value="1" />
                            <param name="next_id" value="3" />
                        </include>
                        <include content="Defs_SkinSettings_StoreWidget">
                            <param name="id" value="3" />
                            <param name="prev_id" value="2" />
                            <param name="next_id" value="4" />
                        </include>
                        <include content="Defs_SkinSettings_StoreWidget">
                            <param name="id" value="4" />
                            <param name="prev_id" value="3" />
                            <param name="next_id" value="5" />
                        </include>
                        <include content="Defs_SkinSettings_StoreWidget">
                            <param name="id" value="5" />
                            <param name="prev_id" value="4" />
                            <param name="next_id" value="6" />
                        </include>
                        <include content="Defs_SkinSettings_StoreWidget">
                            <param name="id" value="6" />
                            <param name="prev_id" value="5" />
                            <param name="next_id" value="7" />
                        </include>
                        <include content="Defs_SkinSettings_StoreWidget">
                            <param name="id" value="7" />
                            <param name="prev_id" value="6" />
                            <param name="next_id" value="8" />
                        </include>
                        <include content="Defs_SkinSettings_StoreWidget">
                            <param name="id" value="8" />
                            <param name="prev_id" value="7" />
                            <param name="next_id" value="0" />
                        </include>
                    </control>
                </control>
            </control>
        </control>
    </controls>
</window>
