<?xml version="1.0" encoding="UTF-8"?>
<window>
    <!-- home -->
    <backgroundcolor>Background</backgroundcolor>
    <defaultcontrol always="true">9000</defaultcontrol>
    <onload>RunScript(script.skinshortcuts,type=buildxml&amp;mainmenuID=9000&amp;group=mainmenu|x1101|x1102|x1103|x1104|x1105|x1106|x1107|x1108|x1109|x1110|x1111|x1112|x1113|x1114|x1115|x1116|x1117|x1118|x1119|x1120|x1121|x1122|x1123|x1124|x1125|x1126|x1127|x1128|x1129|x1131|x1133|x1134|x1135|x1136|x1137|x1138|x1139|x1140|x1141|x1142|x1143|x1144|x1145|x1146|x1147|x1148|x1149|x1150|x1151|x1152|x1153|x1154|x1155|powermenu|quicknav)</onload>
    <onload>ClearProperty(Header.Label,home)</onload>
    <onload>ClearProperty(Header.Icon,home)</onload>
    <onload>ClearProperty(HighlightColor,home)</onload>   
    <onload>ClearProperty(TextColor,home)</onload>
    <onload>ClearProperty(FO9001)</onload>
    <onload>ClearProperty(extinfo,home)</onload>
	<onload>ClearProperty(quicknavsetup,home)</onload>  
    <onload>SetProperty(HubReturn,Home)</onload>
    <onload>SetProperty(SkinHelper.WidgetContainer,9001)</onload>  
    <onload condition="String.IsEmpty(Skin.String(HomeStyle))">Skin.SetString(HomeStyle, beveled)</onload>
	<onload condition="String.IsEmpty(Skin.String(WidgetStyle))">Skin.SetString(WidgetStyle, beveledwidget)</onload>
    <onload condition="!String.IsEmpty(Skin.String(home.headericon))">SetProperty(Header.Icon,$INFO[Skin.String(home.headericon)])</onload>
    <onload condition="!String.IsEmpty(Skin.String(home.headertext))">SetProperty(Header.Label,$INFO[Skin.String(home.headertext)])</onload>
	<onload condition="String.IsEmpty(Skin.String(hubbackground))">Skin.SetString(hubbackground,$LOCALIZE[31828])</onload>
	<onload condition="String.IsEmpty(Skin.String(SubmenuStyle))">Skin.SetString(SubmenuStyle,Large)</onload>	
	<onload condition="String.IsEmpty(Skin.String(ClearArtPos))">Skin.SetString(ClearArtPos,$LOCALIZE[31239])</onload>
	<onload condition="!Skin.String(HomeStyle, vertical) + Window.Previous(startup)">Control.Move(9000,$INFO[Skin.String(initialmenuitem)])</onload>
	<onunload>ClearProperty(SkinHelper.WidgetContainer)</onunload>
	<onunload>ClearProperty(submenumouse,home)</onunload>
    <onunload>SetProperty(HubReturn,Home)</onunload>
	<onunload>SetProperty(Header.Label,$INFO[Container(9000).ListItem.Label],home)</onunload>
    <onunload>SetProperty(Header.Icon,$INFO[Container(9000).ListItem.Icon],home)</onunload>
    <onunload condition="!String.IsEmpty(Container(9000).ListItem.Property(TileColor))">SetProperty(HighlightColor,$INFO[Container(9000).ListItem.Property(tilecolor)],home)</onunload> 
    <onunload condition="!String.IsEmpty(Container(9000).ListItem.Property(TextColor))">SetProperty(TextColor,$INFO[Container(9000).ListItem.Property(textcolor)],home)</onunload>
    <onload condition="Window.Previous(startup)">Skin.Reset(mypassword)</onload>
    <onload condition="!Window.Previous(startup)">AlarmClock(parental,Skin.Reset(mypassword),$VAR[password_time],Silent)</onload>
    <onload>AlarmClock(focushome,Control.SetFocus(9000),00:01,silent)</onload>    
	<onload>Skin.SetBool(SkinHelper.EnableExtraFanart)</onload>
	<onload>Skin.SetBool(SkinHelper.EnableMusicArt)</onload>
	<onload>Skin.SetBool(SkinHelper.EnableAnimatedPosters)</onload>
	<onload>Skin.SetBool(SkinHelper.EnableAddonsLookups)</onload>
	<onload>Skin.SetBool(SkinHelper.EnableExtendedArt)</onload>
	<onload>Skin.SetBool(SkinHelper.EnablePVRThumbs)</onload>
	<onload>Skin.SetString(SkinHelper.RandomFanartDelay,5)</onload>
	
    <controls>

        <include>Furniture_Background</include>
        <include>Home_Widget_Control</include>
        <include>Furniture_TopBar</include>
        <include>Christmas</include>

        <control type="list" id="9988">           
            <description>hidden container for playlist background</description>
            <posx>-20</posx>
            <posy>-20</posy>
            <width>1</width>
            <height>1</height>
            <visible>true</visible>
            <onup>50</onup>
            <ondown>50</ondown>
            <onleft>50</onleft>
            <onright>50</onright>
            <autoscroll time="10000">true</autoscroll>
            <itemlayout width="1" height="1">
            </itemlayout>
            <focusedlayout height="1" width="1">
            </focusedlayout>
            <content>$INFO[Container(9000).ListItem.Property(backgroundPlaylist)]</content>
        </control>
	
		<include condition="!Skin.String(SubmenuStyle, Touch)">Home_Button</include>
        
        <include condition="Skin.HasSetting(home.hidewidgetbox)">Home_Widget_Hidden</include>

        <control type="group">
          
            <include condition="Skin.String(HomeStyle, textonly)">Home_TextOnly_Animate</include>
            
            <include condition="!Skin.String(HomeStyle, textonly) + !Skin.String(HomeStyle, vertical)">Home_Icons_Animate</include>
			
			<include condition="Skin.String(HomeStyle, vertical)">Home_Vertical_Animate</include>			
            
            <include condition="!Skin.HasSetting(home.hidewidgetbox)">Home_Widget</include>
            
            <control type="group">
                <animation effect="slide" tween="quadratic" easing="out" time="150" start="0,266" end="0">WindowOpen</animation>
                <animation effect="slide" tween="quadratic" easing="in" time="150" end="0,266" start="0">WindowClose</animation>
                <include>Home_Menu</include>
                <include condition="!Skin.String(HomeStyle, vertical)">Home_SubMenu</include>
				<include condition="Skin.String(HomeStyle, vertical)">Vertical_SubMenu</include>		
                <include>Home_NowPlaying</include>
            </control>
        </control>

        <control type="group">
            <visible>Window.IsVisible(script-script.extendedinfo-DialogVideoInfo.xml) | Window.IsVisible(script-script.extendedinfo-DialogInfo.xml)</visible>
            <include>Animation_FadeIn</include>
            <include>Animation_FadeOut_Delay</include>
            <include>Furniture_Background</include>
            <control type="image" description="Fanart Fade">
                <width>100%</width>
                <height>100%</height>
                <texture colordiffuse="FanartFade">common/white.png</texture>
            </control>
            <include>Furniture_TopBar</include>
        </control>

    </controls>

</window>