<?xml version="1.0" encoding="UTF-8"?>
<window>
    <!-- weather -->
    <backgroundcolor>Background</backgroundcolor>
    <menucontrol>9000</menucontrol>
    <defaultcontrol always="true">50</defaultcontrol>
	<onload>ClearProperty(quicknavsetup,home)</onload>
	<onunload>ClearProperty(quicknavsetup,home)</onunload>	

    <controls>

        <!-- Hidden button -->
        <control type="button" id="50">
            <onclick condition="!Skin.HasSetting(KioskMode)">SetFocus(9000)</onclick>
            <onup condition="!Skin.HasSetting(KioskMode)">9000</onup>
            <ondown condition="!Skin.HasSetting(KioskMode)">9000</ondown>
            <onleft condition="!Skin.HasSetting(KioskMode)">9000</onleft>
            <onright condition="!Skin.HasSetting(KioskMode)">9000</onright>
        </control>

        <!-- Background -->
        <include>Furniture_Background</include>
        <include>Furniture_TopBar</include>
		<include>QuickNav</include>
        <control type="group">
            <animation effect="slide" start="0" end="0,266" condition="true">Conditional</animation>
            <include>Home_NowPlaying</include>
        </control>

        <control type="group">
            <posy>666</posy>
            <height>340</height>
            <include>Animation_SlideIn</include>
            <include>Animation_FadeOut</include>
            <control type="image">
                <posx>0</posx>
                <width>2000</width>
                <height>340</height>    
                <texture colordiffuse="HomeWidgetBG">common/white.png</texture>
                <animation effect="fade" start="100" end="80" condition="true">Conditional</animation>
            </control>
            <control type="image">
                <posx>-100</posx>
                <width>900</width>
                <height>340</height>
                <texture align="left" border="150" colordiffuse="HomeWidgetBG">common/half-tile.png</texture>
            </control>

            <control type="grouplist">
                
                <posx>64</posx>
                <posy>20</posy>
                <width>650</width>
                <orientation>vertical</orientation>
                <control type="label">
                    <label>$INFO[Weather.Location]</label>
                    <aligny>top</aligny>
                    <height>35</height>
                    <animation effect="fade" start="100" end="70" condition="true">Conditional</animation>
                    <textcolor>HomeBarFG</textcolor>
                </control>
                <control type="label">
                    <label>$INFO[Weather.Temperature,,  ]$INFO[Weather.Conditions]</label>
                    <aligny>top</aligny>
                    <font>Font-WidgetInfoTitle</font>
                    <height>70</height>
                    <textcolor>$VAR[HighlightColor2]</textcolor>
                </control>
                <control type="textbox">
                    <label>$INFO[Window(weather).Property(Current.FeelsLike),$LOCALIZE[402] ,]$INFO[System.TemperatureUnits]$INFO[Window(weather).Property(Current.WindSpeed),[CR], ]$INFO[Window(weather).Property(Current.WindDirection),, [LOWERCASE]$LOCALIZE[404][/LOWERCASE]]$INFO[Window(weather).Property(Current.Humidity),[CR], [LOWERCASE]$LOCALIZE[406][/LOWERCASE]]</label>
                    <aligny>top</aligny>
                    <align>left</align>
                    <height>120</height>
                    <animation effect="fade" start="100" end="70" condition="true">Conditional</animation>
                    <textcolor>HomeBarFG</textcolor>
                    <font>Font-ListInfo</font>
                </control>
                <control type="label">
                    <label>$INFO[Window(weather).Property(WeatherProvider)]</label>
                    <aligny>center</aligny>
                    <animation effect="fade" start="100" end="70" condition="true">Conditional</animation>
                    <font>Font-ListInfo-Small</font>
                    <height>65</height>
                    <textcolor>HomeBarFG</textcolor>
                </control>
            </control>
            <control type="grouplist">
                <left>850</left>
                <right>0</right>
                <orientation>horizontal</orientation>
                <height>340</height>
                <itemgap>70</itemgap>
                <include content="Object_WeatherOutlook">
                    <param name="day" value="Day0" />
                    <param name="dayname" value="$LOCALIZE[33006]" />
                </include>
                <include content="Object_WeatherOutlook">
                    <param name="day" value="Day1" />
                    <param name="dayname" value="$INFO[Window(weather).Property(Day1.Title)]" />
                </include>
                <include content="Object_WeatherOutlook">
                    <param name="day" value="Day2" />
                    <param name="dayname" value="$INFO[Window(weather).Property(Day2.Title)]" />
                </include>
                <include content="Object_WeatherOutlook">
                    <param name="day" value="Day3" />
                    <param name="dayname" value="$INFO[Window(weather).Property(Day3.Title)]" />
                </include>
            </control>
        </control>


        <!-- Menu -->
        <control type="group">
			<onup>SetProperty(quicknavsetup,1,home)</onup>
			<onup>9987</onup>
            <visible allowhiddenfocus="true">ControlGroup(9000).HasFocus()</visible>
            <include>Dialog_Top</include>
            <include>Dialog_Background</include>
            <include content="Dialog_Top_IconHeader">
                <param name="label" value="$LOCALIZE[31068]" />
                <param name="icon" value="special://home/addons/resource.images.skinicons.wide/resources/icons/settings.png" />
            </include>
            <include content="Dialog_Top_Arrows">
                <param name="id" value="9000" />
            </include>

            <control type="grouplist" id="9000">
                <include>Dialog_Top_GroupList</include>
                <!-- Refresh -->
                <control type="button" id="2">
                    <include>Defs_OptionButton2</include>
                    <visible>Control.IsEnabled(2)</visible>
                </control>
                <!-- Change Location -->
                <control type="button" id="9001">
                    <include>Defs_OptionButton2</include>
                    <onclick>Weather.LocationNext</onclick>
                    <label>$INFO[Weather.Location]</label>
                </control>
                <!-- Fanart -->
                <control type="button" id="9002">
                    <label>31114</label>
                    <onclick>RunScript(script.image.resource.select,property=weather.fanart&amp;type=resource.images.weatherfanart)</onclick>
                    <include>Defs_OptionButton2</include>
                </control>
                <!-- Icon -->
                <control type="button" id="9003">
                    <label>31174</label>
                    <onclick>RunScript(script.image.resource.select,property=weathericons&amp;type=resource.images.weathericons)</onclick>
                    <include>Defs_OptionButton2</include>
                </control>
                <!-- Settings -->
                <control type="button" id="9004">
                    <label>$LOCALIZE[5]</label>
                    <onclick>Addon.OpenSettings($INFO[Weather.plugin])</onclick>
                    <include>Defs_OptionButton2</include>
                </control>
            </control>
        </control>
    </controls>

</window>