<!-- <?xml version="1.0" encoding="UTF-8"?> -->
<window>
    <defaultcontrol always="true">401</defaultcontrol>
    <controls>
        <include>GlobalOverlay</include>

        <control type="group">
            <include>Animation_SlideIn_Bounce</include>
            <include>Animation_FadeOut</include>
            <centerleft>50%</centerleft>
            <width>favdialogw</width>
            <bottom>80</bottom>
            <height>790</height>
            <include>Dialog_Background</include>
            <include content="Dialog_Top_IconHeader">
                <param name="label" value="$INFO[Control.GetLabel(500)]" />
                <param name="icon" value="special://home/addons/resource.images.skinicons.wide/resources/icons/settings.png" />
            </include>
			<control type="group">
                <width>635</width>
                <left>side</left>
                <top>80</top>
                <bottom>side</bottom>
				<include>Object_Background</include>
			</control>
            <control type="list" id="211">
                <right>side</right>
                <left>side</left>
                <top>80</top>
                <bottom>side</bottom>
                <scrolltime>0</scrolltime>
                <orientation>vertical</orientation>
                <scrolltime tween="quadratic">400</scrolltime>
                <itemlayout height="69" width="635">
                    <control type="label">
                        <left>30</left>
                        <right>30</right>
                        <top>0</top>
                        <height>100%</height>
                        <label>$INFO[ListItem.Label]</label>
                        <visible>String.IsEqual(Window.Property(groupname),powermenu)</visible>
                    </control>
                    <control type="label">
                        <left>90</left>
                        <right>30</right>
                        <top>0</top>
                        <height>100%</height>
                        <label>$INFO[ListItem.Label]</label>
                        <visible>!String.IsEqual(Window.Property(groupname),powermenu) | String.IsEqual(Window.Property(groupname),quicknav)</visible>
                    </control>
                    <control type="image">
                        <left>10</left>
                        <right>30</right>
                        <top>0</top>
                        <height>100%</height>
                        <align>right</align>
                        <font>Font-ListInfo</font>
                        <aspectratio align="left">keep</aspectratio>
                        <visible>!String.IsEqual(Window.Property(groupname),powermenu) | String.IsEqual(Window.Property(groupname),quicknav)</visible>
                        <texture colordiffuse="ListLabel">$INFO[ListItem.Icon]</texture>
                    </control>
                </itemlayout>

                <focusedlayout height="69" width="635">
                    <control type="image">
                        <width>100%</width>
                        <height>100%</height>
                        <texture colordiffuse="$VAR[Defs_HomeTileColor]">common/white.png</texture>
                    </control>
                    <control type="label">
                        <left>30</left>
                        <right>30</right>
                        <top>0</top>
                        <height>100%</height>
                        <label>$INFO[ListItem.Label]</label>
                        <textcolor>Selected</textcolor>
                        <visible>String.IsEqual(Window.Property(groupname),powermenu)</visible>
                    </control>
                    <control type="label">
                        <left>90</left>
                        <right>30</right>
                        <top>0</top>
                        <height>100%</height>
                        <label>$INFO[ListItem.Label]</label>
                        <textcolor>Selected</textcolor>
                        <visible>!String.IsEqual(Window.Property(groupname),powermenu) | String.IsEqual(Window.Property(groupname),quicknav)</visible>
                    </control>
                    <control type="image">
                        <left>10</left>
                        <right>30</right>
                        <top>0</top>
                        <height>100%</height>
                        <align>right</align>
                        <font>Font-ListInfo</font>
                        <aspectratio align="left">keep</aspectratio>
                        <texture colordiffuse="Selected">$INFO[ListItem.Icon]</texture>
                        <visible>!String.IsEqual(Window.Property(groupname),powermenu) | String.IsEqual(Window.Property(groupname),quicknav)</visible>
                    </control>
                </focusedlayout>
            </control>
			
			<control type="group">
                <width>1025</width>
                <right>side</right>
                <top>80</top>
                <bottom>side</bottom>
				<include>Object_Background</include>
			</control>

            <control type="grouplist" id="9100">
                <onleft>304</onleft>
                <onright>303</onright>
                <onup>9100</onup>
                <ondown>9100</ondown>
                <right>side</right>
                <top>80</top>
                <bottom>side</bottom>
                <width>1025</width>
                <orientation>vertical</orientation>
                <itemgap>0</itemgap>

                <control type="button" id="401" description="Alt chooser">
                    <width>100%</width>
                    <include>Defs_OptionButton</include>
                </control>
                
                <control type="button" id="307" description="Custom">
                    <width>100%</width>
                    <label>31186</label>
                    <label2>$INFO[Container(211).ListItem.Property(path)]</label2>
                    <include>Defs_OptionButton</include>
                </control>

                <control type="button" id="305" description="Set Label">
                    <width>100%</width>
                    <label>31185</label>
                    <label2>$INFO[Container(211).ListItem.Label]</label2>
                    <include>Defs_OptionButton</include>
                </control>

                <control type="button" id="306" description="Browse for Thumb">
                    <width>100%</width>
                    <label>31075</label>
                    <label2>$INFO[Container(211).ListItem.Icon]</label2>
                    <include>Defs_OptionButton</include>
                    <visible>!String.IsEqual(Window.Property(groupname),powermenu)</visible>
                </control>

                <control type="button" id="312" description="Widget">
                    <width>100%</width>
                    <label>$VAR[Defs_Widget_Label]</label>
                    <label2>$VAR[Defs_Widget_Label2]</label2>
                    <include>Defs_OptionButton</include>
                    <visible>String.IsEqual(Window.Property(groupname),mainmenu) | String.Contains(Window.Property(groupname),x11)</visible>
                </control>

                <control type="button" id="9702" description="PosterWidget">
                    <width>100%</width>
                    <label>31150</label>
                    <label2>$VAR[Label_SkinSetting_PosterWidget]</label2>
                    <radioposx>1350</radioposx>                  
                    <onclick>SetProperty(customProperty,PosterWidget)</onclick>
                    <onclick condition="String.IsEqual(Container(211).ListItem.Property(PosterWidget),$LOCALIZE[31155])">SetProperty(customValue,$LOCALIZE[31154])</onclick>
                    <onclick condition="String.IsEqual(Container(211).ListItem.Property(PosterWidget),$LOCALIZE[31154])">SetProperty(customValue,$LOCALIZE[31153])</onclick>
                    <onclick condition="String.IsEqual(Container(211).ListItem.Property(PosterWidget),$LOCALIZE[31153])">SetProperty(customValue,$LOCALIZE[31155])</onclick>
                    <onclick condition="!String.IsEqual(Container(211).ListItem.Property(PosterWidget),$LOCALIZE[31155]) + !String.IsEqual(Container(211).ListItem.Property(PosterWidget),$LOCALIZE[31154]) + !String.IsEqual(Container(211).ListItem.Property(PosterWidget),$LOCALIZE[31153])">SetProperty(customValue,$LOCALIZE[31155])</onclick>                    
                    <onclick>SendClick(404)</onclick>                  
                    <include>Defs_OptionButton</include>
                    <visible>String.IsEqual(Window.Property(groupname),mainmenu)</visible>
                    <visible>String.IsEqual(Skin.String(home.widgetposters),$LOCALIZE[31166])</visible>
                </control>

                <include content="Defs_Shortcuts_SetHub">
                    <param name="hubid" value="1101" />
                    <param name="buttonid1" value="9301" />
                    <param name="buttonid2" value="9401" />
					<!-- <param name="buttonid3" value="9501" /> -->
                </include>

                <include content="Defs_Shortcuts_SetHub">
                    <param name="hubid" value="1102" />
                    <param name="buttonid1" value="9302" />
                    <param name="buttonid2" value="9402" />
					<!-- <param name="buttonid3" value="9502" /> -->
                </include>

                <include content="Defs_Shortcuts_SetHub">
                    <param name="hubid" value="1103" />
                    <param name="buttonid1" value="9303" />
                    <param name="buttonid2" value="9403" />
					<!-- <param name="buttonid3" value="9503" /> -->
                </include>

                <include content="Defs_Shortcuts_SetHub">
                    <param name="hubid" value="1104" />
                    <param name="buttonid1" value="9304" />
                    <param name="buttonid2" value="9404" />
					<!-- <param name="buttonid3" value="9504" /> -->
                </include>

                <include content="Defs_Shortcuts_SetHub">
                    <param name="hubid" value="1105" />
                    <param name="buttonid1" value="9305" />
                    <param name="buttonid2" value="9405" />
					<!-- <param name="buttonid3" value="9505" /> -->
                </include>

                <include content="Defs_Shortcuts_SetHub">
                    <param name="hubid" value="1106" />
                    <param name="buttonid1" value="9306" />
                    <param name="buttonid2" value="9406" />
					<!-- <param name="buttonid3" value="9506" /> -->
                </include>

                <include content="Defs_Shortcuts_SetHub">
                    <param name="hubid" value="1107" />
                    <param name="buttonid1" value="9307" />
                    <param name="buttonid2" value="9407" />
					<!-- <param name="buttonid3" value="9507" /> -->
                </include>

                <include content="Defs_Shortcuts_SetHub">
                    <param name="hubid" value="1108" />
                    <param name="buttonid1" value="9308" />
                    <param name="buttonid2" value="9408" />
					<!-- <param name="buttonid3" value="9508" /> -->
                </include>

                <include content="Defs_Shortcuts_SetHub">
                    <param name="hubid" value="1109" />
                    <param name="buttonid1" value="9309" />
                    <param name="buttonid2" value="9409" />
					<!-- <param name="buttonid3" value="9509" /> -->
                </include>
                
                <include content="Defs_Shortcuts_SetHub">
                    <param name="hubid" value="1110" />
                    <param name="buttonid1" value="9310" />
                    <param name="buttonid2" value="9410" />
					<!-- <param name="buttonid3" value="9510" /> -->
                </include>
                
                <include content="Defs_Shortcuts_SetHub">
                    <param name="hubid" value="1111" />
                    <param name="buttonid1" value="9311" />
                    <param name="buttonid2" value="9411" />
					<!-- <param name="buttonid3" value="9511" /> -->
                </include>
                
                <include content="Defs_Shortcuts_SetHub">
                    <param name="hubid" value="1112" />
                    <param name="buttonid1" value="9312" />
                    <param name="buttonid2" value="9412" />
					<!-- <param name="buttonid3" value="9512" /> -->
                </include>
                
                <include content="Defs_Shortcuts_SetHub">
                    <param name="hubid" value="1113" />
                    <param name="buttonid1" value="9313" />
                    <param name="buttonid2" value="9413" />
					<!-- <param name="buttonid3" value="9513" /> -->
                </include>
                
                <include content="Defs_Shortcuts_SetHub">
                    <param name="hubid" value="1114" />
                    <param name="buttonid1" value="9314" />
                    <param name="buttonid2" value="9414" />
					<!-- <param name="buttonid3" value="9514" /> -->
                </include>
                
                <include content="Defs_Shortcuts_SetHub">
                    <param name="hubid" value="1115" />
                    <param name="buttonid1" value="9315" />
                    <param name="buttonid2" value="9415" />
					<!-- <param name="buttonid3" value="9515" /> -->
                </include>
				
                <include content="Defs_Shortcuts_SetHub">
                    <param name="hubid" value="1116" />
                    <param name="buttonid1" value="9316" />
                    <param name="buttonid2" value="9416" />
					<!-- <param name="buttonid3" value="9516" /> -->
                </include>	

                <include content="Defs_Shortcuts_SetHub">
                    <param name="hubid" value="1117" />
                    <param name="buttonid1" value="9317" />
                    <param name="buttonid2" value="9417" />
					<!-- <param name="buttonid3" value="9517" /> -->
                </include>

                <include content="Defs_Shortcuts_SetHub">
                    <param name="hubid" value="1118" />
                    <param name="buttonid1" value="9318" />
                    <param name="buttonid2" value="9418" />
					<!-- <param name="buttonid3" value="9518" /> -->
                </include>

                <include content="Defs_Shortcuts_SetHub">
                    <param name="hubid" value="1119" />
                    <param name="buttonid1" value="9319" />
                    <param name="buttonid2" value="9419" />
					<!-- <param name="buttonid3" value="9519" /> -->
                </include>

                <include content="Defs_Shortcuts_SetHub">
                    <param name="hubid" value="1120" />
                    <param name="buttonid1" value="9320" />
                    <param name="buttonid2" value="9420" />
					<!-- <param name="buttonid3" value="9520" /> -->
                </include>

                <include content="Defs_Shortcuts_SetHub">
                    <param name="hubid" value="1121" />
                    <param name="buttonid1" value="9321" />
                    <param name="buttonid2" value="9421" />
					<!-- <param name="buttonid3" value="9521" /> -->
                </include>

                <include content="Defs_Shortcuts_SetHub">
                    <param name="hubid" value="1122" />
                    <param name="buttonid1" value="9322" />
                    <param name="buttonid2" value="9422" />
					<!-- <param name="buttonid3" value="9522" /> -->
                </include>

                <include content="Defs_Shortcuts_SetHub">
                    <param name="hubid" value="1123" />
                    <param name="buttonid1" value="9323" />
                    <param name="buttonid2" value="9423" />
					<!-- <param name="buttonid3" value="9523" /> -->
                </include>

                <include content="Defs_Shortcuts_SetHub">
                    <param name="hubid" value="1124" />
                    <param name="buttonid1" value="9324" />
                    <param name="buttonid2" value="9424" />
					<!-- <param name="buttonid3" value="9524" /> -->
                </include>

                <include content="Defs_Shortcuts_SetHub">
                    <param name="hubid" value="1125" />
                    <param name="buttonid1" value="9325" />
                    <param name="buttonid2" value="9425" />
					<!-- <param name="buttonid3" value="9525" /> -->
                </include>

                <include content="Defs_Shortcuts_SetHub">
                    <param name="hubid" value="1126" />
                    <param name="buttonid1" value="9326" />
                    <param name="buttonid2" value="9426" />
					<!-- <param name="buttonid3" value="9526" /> -->
                </include>
                
                <include content="Defs_Shortcuts_SetHub">
                    <param name="hubid" value="1127" />
                    <param name="buttonid1" value="9327" />
                    <param name="buttonid2" value="9427" />
					<!-- <param name="buttonid3" value="9527" /> -->
                </include>
                
                <include content="Defs_Shortcuts_SetHub">
                    <param name="hubid" value="1128" />
                    <param name="buttonid1" value="9328" />
                    <param name="buttonid2" value="9428" />
					<!-- <param name="buttonid3" value="9528" /> -->
                </include>
                
                <include content="Defs_Shortcuts_SetHub">
                    <param name="hubid" value="1129" />
                    <param name="buttonid1" value="9329" />
                    <param name="buttonid2" value="9429" />
					<!-- <param name="buttonid3" value="9529" /> -->
                </include>
                
                <include content="Defs_Shortcuts_SetHub">
                    <param name="hubid" value="1131" />
                    <param name="buttonid1" value="9331" />
                    <param name="buttonid2" value="9431" />
					<!-- <param name="buttonid3" value="9531" /> -->
                </include>
				
                <include content="Defs_Shortcuts_SetHub">
                    <param name="hubid" value="1133" />
                    <param name="buttonid1" value="9333" />
                    <param name="buttonid2" value="9433" />
					<!-- <param name="buttonid3" value="9533" /> -->
                </include>	

                <include content="Defs_Shortcuts_SetHub">
                    <param name="hubid" value="1134" />
                    <param name="buttonid1" value="9334" />
                    <param name="buttonid2" value="9434" />
					<!-- <param name="buttonid3" value="9534" /> -->
                </include>	

                <include content="Defs_Shortcuts_SetHub">
                    <param name="hubid" value="1135" />
                    <param name="buttonid1" value="9335" />
                    <param name="buttonid2" value="9435" />
					<!-- <param name="buttonid3" value="9535" /> -->
                </include>	

               <include content="Defs_Shortcuts_SetHub">
                    <param name="hubid" value="1136" />
                    <param name="buttonid1" value="9336" />
                    <param name="buttonid2" value="9436" />
					<!-- <param name="buttonid3" value="9536" /> -->
                </include>	

                <include content="Defs_Shortcuts_SetHub">
                    <param name="hubid" value="1137" />
                    <param name="buttonid1" value="9337" />
                    <param name="buttonid2" value="9437" />
					<!-- <param name="buttonid3" value="9537" /> -->
                </include>

                <include content="Defs_Shortcuts_SetHub">
                    <param name="hubid" value="1138" />
                    <param name="buttonid1" value="9338" />
                    <param name="buttonid2" value="9438" />
					<!-- <param name="buttonid3" value="9538" /> -->
                </include>

                <include content="Defs_Shortcuts_SetHub">
                    <param name="hubid" value="1139" />
                    <param name="buttonid1" value="9339" />
                    <param name="buttonid2" value="9439" />
					<!-- <param name="buttonid3" value="9539" /> -->
                </include>

                <include content="Defs_Shortcuts_SetHub">
                    <param name="hubid" value="1140" />
                    <param name="buttonid1" value="9340" />
                    <param name="buttonid2" value="9440" />
					<!-- <param name="buttonid3" value="9540" /> -->
                </include>

                <include content="Defs_Shortcuts_SetHub">
                    <param name="hubid" value="1141" />
                    <param name="buttonid1" value="9341" />
                    <param name="buttonid2" value="9441" />
					<!-- <param name="buttonid3" value="9541" /> -->
                </include>

                <include content="Defs_Shortcuts_SetHub">
                    <param name="hubid" value="1142" />
                    <param name="buttonid1" value="9342" />
                    <param name="buttonid2" value="9442" />
					<!-- <param name="buttonid3" value="9542" /> -->
                </include>

                <include content="Defs_Shortcuts_SetHub">
                    <param name="hubid" value="1143" />
                    <param name="buttonid1" value="9343" />
                    <param name="buttonid2" value="9443" />
					<!-- <param name="buttonid3" value="9543" /> -->
                </include>

                <include content="Defs_Shortcuts_SetHub">
                    <param name="hubid" value="1144" />
                    <param name="buttonid1" value="9344" />
                    <param name="buttonid2" value="9444" />
					<!-- <param name="buttonid3" value="9544" /> -->
                </include>

                <include content="Defs_Shortcuts_SetHub">
                    <param name="hubid" value="1145" />
                    <param name="buttonid1" value="9345" />
                    <param name="buttonid2" value="9445" />
					<!-- <param name="buttonid3" value="9545" /> -->
                </include>

                <include content="Defs_Shortcuts_SetHub">
                    <param name="hubid" value="1146" />
                    <param name="buttonid1" value="9346" />
                    <param name="buttonid2" value="9446" />
					<!-- <param name="buttonid3" value="9546" /> -->
                </include>
                
                <include content="Defs_Shortcuts_SetHub">
                    <param name="hubid" value="1147" />
                    <param name="buttonid1" value="9347" />
                    <param name="buttonid2" value="9447" />
					<!-- <param name="buttonid3" value="9547" /> -->
                </include>
                
                <include content="Defs_Shortcuts_SetHub">
                    <param name="hubid" value="1148" />
                    <param name="buttonid1" value="9348" />
                    <param name="buttonid2" value="9448" />
					<!-- <param name="buttonid3" value="9548" /> -->
                </include>
                
                <include content="Defs_Shortcuts_SetHub">
                    <param name="hubid" value="1149" />
                    <param name="buttonid1" value="9349" />
                    <param name="buttonid2" value="9449" />
					<!-- <param name="buttonid3" value="9549" /> -->
                </include>
                
                <include content="Defs_Shortcuts_SetHub">
                    <param name="hubid" value="1150" />
                    <param name="buttonid1" value="9350" />
                    <param name="buttonid2" value="9450" />
					<!-- <param name="buttonid3" value="9550" /> -->
                </include>
                
                <include content="Defs_Shortcuts_SetHub">
                    <param name="hubid" value="1151" />
                    <param name="buttonid1" value="9351" />
                    <param name="buttonid2" value="9451" />
					<!-- <param name="buttonid3" value="9551" /> -->
                </include>
                
                <include content="Defs_Shortcuts_SetHub">
                    <param name="hubid" value="1152" />
                    <param name="buttonid1" value="9352" />
                    <param name="buttonid2" value="9452" />
					<!-- <param name="buttonid3" value="9552" /> -->
                </include>
				
                <include content="Defs_Shortcuts_SetHub">
                    <param name="hubid" value="1153" />
                    <param name="buttonid1" value="9353" />
                    <param name="buttonid2" value="9453" />
					<!-- <param name="buttonid3" value="9553" /> -->
                </include>	

                <include content="Defs_Shortcuts_SetHub">
                    <param name="hubid" value="1154" />
                    <param name="buttonid1" value="9354" />
                    <param name="buttonid2" value="9454" />
					<!-- <param name="buttonid3" value="9554" /> -->
                </include>	

                <include content="Defs_Shortcuts_SetHub">
                    <param name="hubid" value="1155" />
                    <param name="buttonid1" value="9355" />
                    <param name="buttonid2" value="9455" />
					<!-- <param name="buttonid3" value="9555" /> -->
                </include>				

                <control type="button" id="405" description="Set Submenu">
                    <width>100%</width>
                    <label>31074</label>
                    <visible>String.IsEqual(Window.Property(groupname),mainmenu)</visible>
                    <include>Defs_OptionButton</include>
                </control>
                
                <control type="button" id="9704" description="Hub Image">
                    <width>100%</width>
                    <label>31737</label>
                    <label2>$INFO[Container(211).ListItem.Property(hubImage)]</label2>
                    <include>Defs_OptionButton</include>
                    <visible>String.Contains(Window.Property(groupname),x11)</visible>
                </control>

                <control type="button" id="310" description="Background">
                    <width>100%</width>
                    <label>31187</label>
                    <label2>$INFO[Container(211).ListItem.Property(background)]</label2>
                    <include>Defs_OptionButton</include>
					<visible>!String.IsEqual(Window.Property(groupname),quicknav)</visible>
                </control>

                <control type="button" id="9701" description="Select Color">
                    <width>100%</width>
                    <label>31128</label>
                    <label2>$INFO[Container(211).ListItem.Property(tilecolor)]</label2>
                    <onclick>RunScript(script.skin.helper.colorpicker,shortcutproperty=tilecolor)</onclick>
                    <include>Defs_OptionButton</include>
                    <visible>Skin.HasSetting(home.tilecolor)</visible>
					<visible>!String.IsEqual(Window.Property(groupname),quicknav)</visible>
                </control>
              
                <control type="button" id="9703" description="Select Text Color">
                    <width>100%</width>
                    <label>31653</label>
                    <label2>$INFO[Container(211).ListItem.Property(textcolor)]</label2>
                    <onclick>RunScript(script.skin.helper.colorpicker,shortcutproperty=textcolor)</onclick>
                    <include>Defs_OptionButton</include>
                    <visible>Skin.HasSetting(home.textcolor)</visible>
					<visible>!String.IsEqual(Window.Property(groupname),quicknav)</visible>
                </control>
                 
				<control type="button" id="993" description="Password Protection">
					<width>100%</width>
					<include>Defs_OptionButton</include>			
					<label>31690</label>
					<label2>$VAR[passcode]</label2>
					<visible>String.IsEqual(Window.Property(groupname), mainmenu)</visible>
				</control>                
                
                <control type="button" id="308" description="Reset">
                    <width>100%</width>
                    <include>Defs_OptionButton</include>
                </control>
            </control>

            <control type="label" id="500"><visible>false</visible><font></font></control>
            
            <control type="grouplist" id="9200">
                <right>1085</right>
                <top>97</top>
                <width>600</width>
                <align>right</align>
                <itemgap>4</itemgap>
                <onright>9100</onright>
                <onup>Control.Move(211,-1)</onup>
                <ondown>Control.Move(211,1)</ondown>
                <orientation>horizontal</orientation>
                <animation effect="slide" end="0,69" condition="Integer.IsGreater(Container(211).Position,0)">Conditional</animation>
                <animation effect="slide" end="0,69" condition="Integer.IsGreater(Container(211).Position,1)">Conditional</animation>
                <animation effect="slide" end="0,69" condition="Integer.IsGreater(Container(211).Position,2)">Conditional</animation>
                <animation effect="slide" end="0,69" condition="Integer.IsGreater(Container(211).Position,3)">Conditional</animation>
                <animation effect="slide" end="0,69" condition="Integer.IsGreater(Container(211).Position,4)">Conditional</animation>
                <animation effect="slide" end="0,69" condition="Integer.IsGreater(Container(211).Position,5)">Conditional</animation>
                <animation effect="slide" end="0,69" condition="Integer.IsGreater(Container(211).Position,6)">Conditional</animation>
                <animation effect="slide" end="0,69" condition="Integer.IsGreater(Container(211).Position,7)">Conditional</animation>
                <animation effect="slide" end="0,69" condition="Integer.IsGreater(Container(211).Position,8)">Conditional</animation>
                <animation effect="slide" end="0,69" condition="Integer.IsGreater(Container(211).Position,9)">Conditional</animation>
                <animation effect="slide" end="0,69" condition="Integer.IsGreater(Container(211).Position,10)">Conditional</animation>
                <animation effect="slide" end="0,69" condition="Integer.IsGreater(Container(211).Position,11)">Conditional</animation>
                <control type="button" id="302" description="Delete">
                    <width>32</width>
                    <height>32</height>
                    <font></font>
                    <texturenofocus colordiffuse="Disabled">common/delete.png</texturenofocus>
                    <texturefocus colordiffuse="Selected">common/delete.png</texturefocus>
                </control>
                <control type="button" id="301" description="Add">
                    <width>32</width>
                    <height>32</height>
                    <font></font>
                    <texturenofocus colordiffuse="Disabled">common/add.png</texturenofocus>
                    <texturefocus colordiffuse="Selected">common/add.png</texturefocus>
                </control>
                <control type="button" id="303" description="Up">
                    <width>32</width>
                    <height>32</height>
                    <font></font>
                    <texturenofocus colordiffuse="Disabled" flipy="true">common/spin-down.png</texturenofocus>
                    <texturefocus colordiffuse="Selected" flipy="true">common/spin-down.png</texturefocus>
                </control>
                <control type="button" id="304" description="Down">
                    <width>32</width>
                    <height>32</height>
                    <font></font>
                    <texturenofocus colordiffuse="Disabled" flipy="false">common/spin-down.png</texturenofocus>
                    <texturefocus colordiffuse="Selected" flipy="false">common/spin-down.png</texturefocus>
                </control>
            </control>
        </control>

        <control type="button" id="404">
			<visible allowhiddenfocus="true">false</visible>
			<width>1</width>
			<height>1</height>
		</control>
		
    </controls>
</window>
