<?xml version="1.0" encoding="UTF-8" standalone="yes"?>
<addon id="plugin.video.Serviceil" name="[COLOR aqua].Serviceil [/COLOR]" version="1.1.0" provider-name="Kodi free">
  <requires>
    <import addon="xbmc.python" version="2.1.0"/>
    <import addon="plugin.video.youtube"/>
  </requires>
  <extension point="xbmc.python.pluginsource" library="addon.py">
    <provides>video</provides>
  </extension>
  <extension point="xbmc.addon.metadata">
    <language>he</language>
    <summary lang="he">הרחבה תוכן, שירות ועזר.</summary>
    <description lang="he">הרחבה משמשת לקיצורים להרחבות ישראליות.ובנוסף נותנת תוכן המוזרם דרך הרחבות יוטיוב</description>
    <disclaimer lang="en">Kodi free</disclaimer>
    <platform>all</platform>
  </extension>
</addon>
