<?xml version="1.0" encoding="UTF-8" standalone="yes"?>
<addon id="plugin.video.shadow"                                                                                                                                    
	   name="Shadow"                                                 
	   version="1.0.1"                                                                                                                                        
	   provider-name="Darkness">
  <requires>
    <import addon="xbmc.python" version="2.1.0"/>
	<import addon="script.module.requests"/>
	

  </requires>
  <extension point="xbmc.python.pluginsource"
            library="default.py">
        <provides>video</provides>
  </extension>
  <extension point="xbmc.addon.metadata">
    <summary lang="en">The single light in the Darkness</summary>
    <description lang="en">All the media as fast as possiable</description>
    <platform>all</platform>
  </extension>
</addon>